{"cameraMode":{"drawMode":0,"name":"Shaded","section":"Shading Mode"},"sceneLighting":true,"audioPlay":false,"sceneViewState":{"showFog":true,"showMaterialUpdate":false,"showSkybox":true,"showFlares":true,"showImageEffects":true,"showParticleSystems":true},"in2DMode":false,"pivot":{"x":2.298868417739868,"y":-4.447800636291504,"z":6.828259468078613},"rotation":{"x":-0.5735310316085815,"y":0.0004890720592811704,"z":-0.0003423835150897503,"w":-0.8191845417022705},"size":6.482741832733154,"orthographic":false}